numCommune;zoneCommune;nomCommune;numAgglomeration
75108;C;Paris 8e Arrondissement;851
75109;C;Paris 9e Arrondissement;851
75106;C;Paris 6e Arrondissement;851
75110;C;Paris 10e Arrondissement;851
75101;C;Paris 1er Arrondissement;851
75115;C;Paris 15e Arrondissement;851
75105;C;Paris 5e Arrondissement;851
75113;C;Paris 13e Arrondissement;851
75119;C;Paris 19e Arrondissement;851
43040;C;Brioude;43202
63047;C;La Bourboule;63102
73024;R;Les Avanchers-Valmorel;0
73011;C;Albertville;73401
73057;R;Brides-les-Bains;0
69019;C;Belleville;451
69029;B;Bron;758
21054;I;Beaune;21401
35001;I;Acigné;35206
35047;B;Bruz;35701
35049;I;Cancale;35203
34003;I;Agde;34401
13001;B;Aix-en-Provence;759
13005;B;Aubagne;759
13119;I;Carnoux-en-Provence;13209
13021;B;Carry-le-Rouet;13303
29006;B;Bénodet;29402
29019;C;Brest;29701
29022;I;Camaret-sur-Mer;29104
29023;C;Carantec;29124
81004;C;Albi;81502
81060;C;Carmaux;81304
56007;C;Auray;56401
80021;C;Amiens;80601
64024;C;Anglet;751
36018;I;Le Blanc;36201
36031;I;Buzançais;36109
16015;C;Angoulême;16601
16028;I;Barbezieux-Saint-Hilaire;16107
45008;R;Artenay;0
66008;C;Argelès-sur-Mer;66401
66037;I;Canet-en-Roussillon;66301
18033;C;Bourges;18501
62041;C;Arras;62502
62048;B;Auchel;752
57032;B;Ars-sur-Moselle;57701
68063;C;Cernay;68402
93005;B;Aulnay-sous-Bois;851
93007;B;Le Blanc-Mesnil;851
93010;B;Bondy;851
52060;I;Bourbonne-les-Bains;52101
31033;I;Auterive;31208
31069;B;Blagnac;31701
88029;R;La Vôge-les-Bains;0
88075;C;La Bresse;88402
84007;C;Avignon;754
54079;B;Blénod-lès-Pont-à-Mousson;54404
50025;C;Avranches;50301
83009;B;Bandol;757
59136;C;Le Cateau-Cambrésis;59208
30029;R;Barjac;0
82013;I;Beaumont-de-Lomagne;82103
49023;I;Beaupréau-en-Mauges;49206
87011;C;Bellac;87202
78073;B;Bois-d'Arcy;851
91097;B;Boussy-Saint-Antoine;851
91103;B;Brétigny-sur-Orge;851
44012;B;La Bernerie-en-Retz;44304
44020;B;Bouguenais;44701
44026;B;Carquefou;44701
33051;C;Biganos;33304
33097;R;Carcans;0
94004;B;Boissy-Saint-Léger;851
95127;B;Cergy;851
76114;C;Bolbec;76302
40065;C;Capbreton;40301
47057;R;Castillonnès;0
53039;R;Le Bourgneuf-la-Forêt;0
19031;C;Brive-la-Gaillarde;554
46040;R;Cabrerets;0
46042;C;Cahors;46401
6026;B;Cabris;6701
6029;B;Cannes;6701
6033;B;Carros;6701
12052;B;Capdenac-Gare;364
65127;R;Capvern;0
35051;B;Cesson-Sévigné;35701
85152;C;Les Achards;85125
69270;B;Chaponnay;758
69044;B;Charbonnières-les-Bains;758
42052;C;Charlieu;42204
25125;R;Charmoille;0
71106;I;Charolles;71105
85059;C;La Châtaigneraie;85123
44036;I;Châteaubriant;44302
58062;I;Château-Chinon (Ville);58101
36044;C;Châteauroux;36501
2168;C;Château-Thierry;2401
74063;C;Châtel;74108
92019;B;Châtenay-Malabry;851
35072;R;Châtillon-en-Vendelais;0
1093;I;Châtillon-sur-Chalaronne;1124
2173;C;Chauny;2303
92023;B;Clamart;851
58079;C;Clamecy;58107
16102;C;Cognac;16401
92025;B;Colombes;851
31149;B;Colomiers;31701
77122;B;Combs-la-Ville;851
78172;B;Conflans-Sainte-Honorine;851
16106;I;Confolens;16102
62239;B;Coquelles;62504
58086;C;Cosne-Cours-sur-Loire;58301
17121;C;La Couarde-sur-Mer;17118
60164;R;Le Coudray-Saint-Germer;0
77131;C;Coulommiers;77402
63124;B;Cournon-d'Auvergne;63701
69069;B;Craponne;758
80222;R;Crécy-en-Ponthieu;0
60176;I;Crépy-en-Valois;60303
34090;B;Le Crès;34701
94028;B;Créteil;851
58095;C;Decize;58201
26113;I;Die;26110
4070;C;Digne-les-Bains;4301
21231;C;Dijon;21701
60200;R;Domfront;0
95199;B;Domont;851
80253;C;Doullens;80204
14228;C;Douvres-la-Délivrande;14302
93029;B;Drancy;851
28134;C;Dreux;28401
30106;R;Durfort-et-Saint-Martin-de-Sossenac;0
66065;C;Elne;66401
88160;C;Épinal;88501
93031;B;Épinay-sur-Seine;851
12096;C;Espalion;12201
91223;C;Étampes;91401
91228;B;Évry;851
87064;R;Eymoutiers;0
33162;B;Eysines;33701
56057;I;Le Faouët;56109
83055;C;Fayence;83301
2307;I;La Ferté-Milon;2107
42095;B;Firminy;753
83057;I;Flassans-sur-Issole;83108
77186;C;Fontainebleau;77406
57240;C;Freyming-Merlebach;57501
93032;B;Gagny;851
81099;C;Gaillac;81303
34111;C;Ganges;34209
5061;C;Gap;5401
16146;R;Garat;0
92033;B;Garches;851
13041;B;Gardanne;759
88196;C;Gérardmer;88301
74134;R;Les Gets;0
1173;C;Gex;1301
8190;C;Givet;8206
76305;B;Gonfreville-l'Orcher;76701
46128;I;Gramat;46103
59271;B;Grande-Synthe;59602
6069;B;Grasse;6701
59273;B;Gravelines;59602
70279;C;Gray;70301
38185;C;Grenoble;38701
56069;R;Groix;0
44067;I;Guémené-Penfao;44122
35125;C;La Guerche-de-Bretagne;35204
35176;B;Guipry-Messac;35207
62413;B;Harnes;756
76351;C;Le Havre;76701
14333;C;Honfleur;363
33203;I;Hourtin;33103
95313;B;L' Isle-Adam;851
31239;R;L' Isle-en-Dodon;0
6073;R;Isola;0
63178;C;Issoire;63304
92040;B;Issy-les-Moulineaux;851
94041;B;Ivry-sur-Seine;851
56091;I;Josselin;56106
84058;R;Lacoste;0
22093;I;Lamballe;22301
29103;C;Landerneau;29308
5070;C;Laragne-Montéglin;5104
6075;I;Levens;6108
59350;C;Lille;59702
76384;C;Lillebonne;76402
14366;C;Lisieux;14401
39300;C;Lons-le-Saunier;39401
83072;C;Lorgues;83303
22136;I;Loudéac;22205
65282;R;Loudenvielle;0
71263;C;Louhans;71301
83073;C;Le Luc;83307
14384;C;Luc-sur-Mer;14302
70310;C;Lure;70302
69123;C;Lyon;758
44087;I;Machecoul-Saint-Même;44202
92046;B;Malakoff;851
72181;C;Le Mans;72701
78361;B;Mantes-la-Jolie;851
91363;B;Marcoussis;851
13055;C;Marseille;759
91377;B;Massy;851
35168;R;Val d'Anast;0
66107;R;Maury;0
32249;R;Mauvezin;0
77284;C;Meaux;77501
79174;C;Melle;79203
80533;B;Mers-les-Bains;453
60395;I;Méru;60302
95394;B;Méry-sur-Oise;851
74010;C;Annecy;74601
12145;C;Millau;12401
32256;C;Mirande;32105
29150;I;Moëlan-sur-Mer;29206
24294;C;Montpon-Ménestérol;354
47179;B;Monsempron-Libos;47302
77298;R;Mons-en-Montois;0
85146;C;Montaigu;85302
45208;C;Montargis;45501
25388;C;Montbéliard;25601
63236;R;Mont-Dore;0
26198;C;Montélimar;551
17240;C;Montendre;17112
35188;I;Montfort-sur-Meu;35208
1262;B;Montluel;758
86165;I;Montmorillon;86202
34172;C;Montpellier;34701
81182;R;Montredon-Labessonnié;0
62588;C;Montreuil;62201
41151;C;Montrichard Val de Cher;41204
76451;B;Mont-Saint-Aignan;755
6084;B;Mouans-Sartoux;6701
8311;I;Mouzon;8102
40201;R;Mugron;0
68224;C;Mulhouse;68701
12164;R;Mur-de-Barrez;0
44109;C;Nantes;44701
11262;I;Narbonne;11502
47195;C;Nérac;47301
6088;C;Nice;6701
30189;C;Nîmes;30601
28280;C;Nogent-le-Rotrou;28301
94052;B;Nogent-sur-Marne;851
10268;I;Nogent-sur-Seine;10202
85163;I;Noirmoutier-en-l'Île;85131
93051;B;Noisy-le-Grand;851
13066;B;Noves;754
60471;C;Noyon;60304
26220;I;Nyons;26202
67348;C;Obernai;67303
64422;C;Oloron-Sainte-Marie;64303
74205;R;Onnion;0
68249;I;Orbey;68116
94055;B;Ormesson-sur-Marne;851
66130;R;Osséja;0
1283;C;Oyonnax;1401
77350;B;Ozoir-la-Ferrière;851
56152;I;Le Palais;56105
79202;C;Parthenay;79303
64445;C;Pau;64601
94058;B;Le Perreux-sur-Marne;851
84089;I;Pertuis;84303
33318;B;Pessac;33701
40224;C;Peyrehorade;40204
15153;R;Pleaux;0
92060;B;Le Plessis-Robinson;851
56165;I;Ploërmel;56216
29190;I;Plougonvelin;29113
86194;C;Poitiers;86601
54431;C;Pont-à-Mousson;54404
25462;C;Pontarlier;25401
38314;C;Pontcharra;270
95500;B;Pontoise;851
40230;R;Pontonx-sur-l'Adour;0
44131;C;Pornic;44304
66148;B;Port-Vendres;66401
40233;C;Pouillon;40202
66149;C;Prades;66205
34217;B;Prades-le-Lez;34701
46225;C;Prayssac;46102
80649;R;Quend;0
56184;I;Questembert;56208
83102;R;Régusse;0
53188;I;Renazé;53104
35239;C;Retiers;35201
40243;R;Rion-des-Landes;0
66164;B;Rivesaltes;66601
42187;C;Roanne;42502
56195;R;La Roche-Bernard;0
24354;C;La Roche-Chalais;170
17300;C;La Rochelle;17601
59508;B;Roncq;59702
67414;C;Rothau;67304
92063;B;Rueil-Malmaison;851
72264;C;Sablé-sur-Sarthe;72302
40246;R;Sabres;0
83121;C;Salernes;83202
21579;R;Salives;0
59553;B;Santes;59702
57630;C;Sarrebourg;57302
9282;I;Saverdun;9105
92071;B;Sceaux;851
34301;C;Sète;34502
11379;I;Sigean;11201
83130;B;Solliès-Pont;757
30321;C;Sommières;30208
40304;B;Soorts-Hossegor;40301
23176;I;La Souterraine;23201
41198;C;Saint-Aignan;41205
59526;C;Saint-Amand-les-Eaux;59402
18197;C;Saint-Amand-Montrond;18301
63314;R;Saint-Amant-Roche-Savine;0
82155;R;Saint-Antonin-Noble-Val;0
73227;R;Courchevel;0
22278;C;Saint-Brieuc;22501
33389;I;Saint-Ciers-sur-Gironde;33107
39478;C;Saint-Claude;39302
93066;B;Saint-Denis;851
42218;C;Saint-Étienne;753
44158;I;Saint-Étienne-de-Montluc;44205
89068;R;Chablis;0
33402;B;Sainte-Foy-la-Grande;553
42223;B;Saint-Genest-Lerpt;753
12224;R;Saint Geniez d'Olt et d'Aubrac;0
48155;R;Saint-Germain-de-Calberte;0
44162;B;Saint-Herblain;44701
50484;C;Saint-Hilaire-du-Harcouët;50202
87161;I;Saint-Léonard-de-Noblat;87106
49301;I;Sèvremoine;49205
73257;R;Les Belleville;0
37226;I;Sainte-Maure-de-Touraine;37109
54482;B;Saint-Max;54701
44184;C;Saint-Nazaire;44601
66187;R;Saint-Paul-de-Fenouillet;0
40281;B;Saint-Pierre-du-Mont;40401
62767;C;Saint-Pol-sur-Ternoise;62209
34284;R;Saint-Pons-de-Thomières;0
69290;B;Saint-Priest;758
43224;C;Sainte-Sigolène;43203
65440;C;Tarbes;65501
40312;B;Tarnos;751
51569;R;Thillois;0
57672;C;Thionville;57601
74281;C;Thonon-les-Bains;74501
77468;B;Torcy;851
66213;B;Toulouges;66601
31555;C;Toulouse;31701
37261;C;Tours;37701
13110;B;Trets;759
31561;B;L' Union;31701
4226;R;Uvernet-Fours;0
6152;B;Valbonne;6701
26362;C;Valence;651
44212;I;Vallet;44212
7334;C;Les Vans;7110
77487;B;Vaux-le-Pénil;851
82190;I;Verdun-sur-Garonne;82104
27679;I;Verneuil d'Avre et d'Iton;27205
27681;C;Vernon;27401
78646;B;Versailles;851
78650;B;Le Vésinet;851
40328;R;Vieux-Boucau-les-Bains;0
38548;I;Villard-de-Lans;38119
51649;C;Vitry-le-François;51301
38562;C;Vizille;38303
38565;B;Voreppe;38701
44098;I;Missillac;44119
67538;R;Wingen-sur-Moder;0
67544;I;Wissembourg;67212
68376;B;Wittenheim;68701
91691;B;Yerres;851
2A362;R;Zonza;0
92078;B;Villeneuve-la-Garenne;851
1427;B;Trévoux;758
13096;I;Saintes-Maries-de-la-Mer;13101
31066;I;Bessières;31109
42011;C;Balbigny;42105
59392;C;Maubeuge;59601
44190;B;Saint-Sébastien-sur-Loire;44701
84092;B;Le Pontet;754
83118;B;Saint-Raphaël;83502
83144;B;La Valette-du-Var;757
31182;B;Fenouillet;31701
95424;B;Montigny-lès-Cormeilles;851
78640;B;Vélizy-Villacoublay;851
75102;C;Paris 2e Arrondissement;851
75114;C;Paris 14e Arrondissement;851
75104;C;Paris 4e Arrondissement;851
75118;C;Paris 18e Arrondissement;851
78005;B;Achères;851
47001;C;Agen;47501
30003;I;Aigues-Mortes;30210
47004;C;Aiguillon;47103
2A004;I;Ajaccio;2A501
61001;C;Alençon;461
94002;B;Alfortville;851
66003;C;Amélie-les-Bains-Palalda;66204
28007;C;Anet;361
74012;C;Annemasse;652
74014;R;Arâches-la-Frasse;0
19010;I;Argentat-sur-Dordogne;19102
79013;R;Argentonnay;0
91021;B;Arpajon;851
78029;B;Aubergenville;851
93001;B;Aubervilliers;851
85008;I;Aubigny-Les Clouzeaux;85108
18015;I;Aubigny-sur-Nère;18201
23008;I;Aubusson;23102
29003;B;Audierne;29213
63016;R;Augerolles;0
35012;I;Bain-de-Bretagne;35212
47021;B;Barbaste;47301
4019;C;Barcelonnette;4106
49018;I;Baugé-en-Anjou;49201
44055;B;La Baule-Escoublac;44601
60057;C;Beauvais;60501
33039;B;Bègles;33701
67028;C;Benfeld;67210
62108;C;Berck;62401
27056;C;Bernay;27301
62119;C;Béthune;752
41018;C;Blois;41501
93008;B;Bobigny;851
84019;I;Bollène;84301
42023;I;Bourg-Argental;42102
92014;B;Bourg-la-Reine;851
37031;C;Bourgueil;37201
35037;I;Bréal-sous-Montfort;35130
85035;C;Bretignolles-sur-Mer;85203
14100;R;Bretteville-sur-Laize;0
67067;C;Brumath;67302
26063;I;Buis-les-Baronnies;26101
86041;B;Buxerolles;86601
33081;C;Cadillac;33121
14118;C;Caen;14601
6027;B;Cagnes-sur-Mer;6701
22025;R;Callac;0
69034;B;Caluire-et-Cuire;758
59122;C;Cambrai;59403
11069;C;Carcassonne;11501
29024;C;Carhaix-Plouguer;271
64167;R;Carrère;0
31117;B;Castelmaurou;31701
81065;C;Castres;81501
65138;R;Cauterets;0
78126;B;La Celle-Saint-Cloud;851
79062;C;Cerizay;79204
85047;C;Challans;85402
71076;C;Chalon-sur-Saône;71501
74056;C;Chamonix-Mont-Blanc;74301
73071;R;Champagny-en-Vanoise;0
60141;C;Chantilly;60402
35066;B;Chartres-de-Bretagne;35701
16085;I;Chasseneuil-sur-Bonnieure;16103
72071;C;Montval-sur-Loir;72204
28088;C;Châteaudun;28302
87040;R;Châteauneuf-la-Forêt;0
13026;B;Châteauneuf-les-Martigues;759
37063;C;Château-Renault;37203
86066;C;Châtellerault;86401
21154;I;Châtillon-sur-Seine;21203
52121;C;Chaumont;52401
92022;B;Chaville;851
49092;I;Chemillé-en-Anjou;49210
50129;C;Cherbourg-en-Cotentin;50501
86078;C;Civray;86113
78165;B;Les Clayes-sous-Bois;851
55122;I;Commercy;55203
50139;I;Condé-sur-Vire;50106
54136;B;Conflans-en-Jarnisy;54301
62250;B;Courrières;756
50147;C;Coutances;50206
79048;I;La Crèche;79202
60175;C;Creil;60601
84042;R;Cucuron;0
56052;R;Damgan;0
70198;R;Dampierre-sur-Salon;0
40088;C;Dax;40402
62268;C;Desvres;62203
76217;C;Dieppe;76404
71176;C;Digoin;353
35093;C;Dinard;458
35095;I;Dol-de-Bretagne;35131
64204;R;Eaux-Bonnes;0
32119;I;Eauze;32103
69081;B;Écully;758
19073;I;Égletons;19106
5046;C;Embrun;5201
95210;B;Enghien-les-Bains;851
51230;C;Épernay;51401
95219;B;Ermont;851
22054;I;Erquy;22114
11140;R;Ferrals-les-Corbières;0
1160;B;Ferney-Voltaire;652
72132;C;La Ferté-Bernard;72301
39228;R;Foncine-le-Haut;0
92032;B;Fontenay-aux-Roses;851
13038;I;Fontvieille;13106
95250;C;Fosses;95401
83061;C;Fréjus;83502
13042;B;Gémenos;759
38179;B;Gières;38701
91272;B;Gif-sur-Yvette;851
76312;C;Gournay-en-Bray;76205
74136;I;Le Grand-Bornand;74101
13044;B;Grans;13501
4094;I;Gréoux-les-Bains;4101
38186;R;Gresse-en-Vercors;0
71230;I;Gueugnon;71204
35126;I;Guichen;35213
33199;C;Gujan-Mestras;33501
67180;C;Haguenau;67501
59295;C;Hazebrouck;59401
62427;C;Hénin-Beaumont;756
14338;B;Houlgate;14402
49160;C;Ingrandes-Le Fresne sur Loire;156
36088;I;Issoudun;36301
13047;B;Istres;759
91315;C;Itteville;91402
85114;C;Jard-sur-Mer;85121
49163;R;Jarzé Villages;0
54280;C;Jœuf;454
89206;I;Joigny;89301
17197;C;Jonzac;17201
95323;B;Jouy-le-Moutier;851
91326;B;Juvisy-sur-Orge;851
31254;B;Labège;31701
40134;I;Labouheyre;40101
77243;B;Lagny-sur-Marne;851
13050;I;Lambesc;13213
41106;I;Lamotte-Beuvron;41110
29105;C;Landivisiau;29301
48080;C;Langogne;48102
52269;C;Langres;52202
38205;R;Lans-en-Vercors;0
73290;R;Val-Cenis;0
59339;B;Leers;59702
33240;C;Lesparre-Médoc;33208
94044;B;Limeil-Brévannes;851
44084;C;Le Loroux-Bottereau;44303
85128;I;Luçon;85208
65295;R;Luz-Saint-Sauveur;0
58149;R;Luzy;0
25356;I;Maîche;25109
56124;C;Malestroit;56112
72180;C;Mamers;72202
2A154;R;Marignana;0
48092;C;Marvejols;48201
32242;R;Masseube;0
17224;I;Matha;17101
15120;C;Mauriac;15105
74173;B;Megève;462
91386;B;Mennecy;851
6083;C;Menton;6501
25380;R;Métabief;0
1244;C;Meximieux;1206
35177;I;La Mézière;35127
1247;R;Mijoux;0
39333;I;Moirans-en-Montagne;39102
33289;R;Monségur;0
35184;I;Montauban-de-Bretagne;35129
21425;C;Montbard;21205
37154;B;Montbazon;37701
80561;C;Montdidier;80202
91421;B;Montgeron;851
24291;I;Montignac;24104
78423;B;Montigny-le-Bretonneux;851
76447;B;Montivilliers;76701
7189;R;Ribes;0
53161;I;Montsûrs-Saint-Céneré;53101
40197;I;Morcenx;40107
38261;C;Morestel;38302
80570;C;Moreuil;80117
39368;C;Hauts de Bienne;39202
29151;C;Morlaix;29403
74191;C;Morzine;74114
73181;C;Moûtiers;73110
68226;C;Munster;68302
68227;R;Muntzenheim;0
54395;C;Nancy;54701
92050;B;Nanterre;851
1269;C;Nantua;1123
77333;C;Nemours;77401
45142;C;Fay-aux-Loges;45202
86177;I;Neuville-de-Poitou;86115
58194;C;Nevers;58501
79191;C;Niort;79501
77337;B;Noisiel;851
7167;R;Les Ollières-sur-Eyrieux;0
5096;R;Orcières;0
91477;B;Palaiseau;851
42165;I;Panissières;42101
93055;B;Pantin;851
40217;I;Parentis-en-Born;40109
33314;I;Pauillac;33201
66136;C;Perpignan;66601
31424;B;Plaisance-du-Touch;31701
22219;R;Plouguenast;0
39434;I;Poligny;39107
69155;R;Pomeys;0
21496;R;Pontailler-sur-Saône;0
29220;C;Pont-l'Abbé;29306
26252;B;Portes-lès-Valence;651
73206;R;Pralognan-la-Vanoise;0
66150;R;Prats-de-Mollo-la-Preste;0
11304;C;Quillan;11109
22262;I;Quintin;22101
88372;C;Raon-l'Étape;266
43162;R;Retournac;0
31451;I;Revel;31209
44143;B;Rezé;44701
24352;C;Ribérac;24202
37196;C;Richelieu;37101
69286;B;Rillieux-la-Pape;758
91521;B;Ris-Orangis;851
42186;B;Rive-de-Gier;753
16281;I;La Rochefoucauld;16104
93063;B;Romainville;851
31458;B;Roques;31701
7199;B;Rosières;7402
93064;B;Rosny-sous-Bois;851
39470;R;Les Rousses;0
16292;C;Ruffec;16106
64499;I;Salies-de-Béarn;64107
33498;I;Salles;33204
74258;C;Samoëns;74110
67434;I;Sarre-Union;67125
78586;B;Sartrouville;851
67437;C;Saverne;67307
49331;C;Segré-en-Anjou Bleu;49212
67462;I;Sélestat;67306
60612;C;Senlis;60306
28373;I;Senonches;28107
89387;C;Sens;89401
92072;B;Sèvres;851
4209;I;Sisteron;4204
46309;C;Souillac;46107
40310;I;Soustons;40205
67482;C;Strasbourg;67701
45315;C;Sully-sur-Loire;45302
24372;C;Saint-Astier;24203
49292;R;Val-du-Layon;0
78545;B;Saint-Cyr-l'École;851
37214;B;Saint-Cyr-sur-Loire;37701
88413;C;Saint-Dié-des-Vosges;88403
26301;I;Saint-Donat-sur-l'Herbasse;26104
42207;B;Saint-Chamond;753
6120;R;Saint-Étienne-de-Tinée;0
69202;B;Sainte-Foy-lès-Lyon;758
31483;C;Saint-Gaudens;31302
69204;B;Saint-Genis-Laval;758
78551;B;Saint-Germain-en-Laye;851
64483;B;Saint-Jean-de-Luz;751
85234;C;Saint-Jean-de-Monts;85301
74242;B;Saint-Jorioz;74601
57616;B;Saint-Julien-lès-Metz;57701
42246;R;Saint-Julien-Molin-Molette;0
87154;I;Saint-Junien;87301
60581;I;Saint-Just-en-Chaussée;60201
65388;R;Saint-Lary-Soulan;0
35287;B;Saint-Lunaire;458
35288;I;Saint-Malo;35402
69227;I;Saint-Martin-en-Haut;69105
6127;R;Saint-Martin-Vésubie;0
73261;C;Saint-Michel-de-Maurienne;73104
91570;B;Saint-Michel-sur-Orge;851
82168;R;Saint-Nazaire-de-Valentane;0
44069;B;Guérande;44601
44188;I;Saint-Philbert-de-Grand-Lieu;44211
14654;C;Saint-Pierre-en-Auge;14119
2691;C;Saint-Quentin;2501
17397;R;Saint-Savinien;0
40282;I;Saint-Sever;40108
4197;B;Sainte-Tulle;4401
42275;B;Saint-Priest-en-Jarez;753
42305;B;La Talaudière;753
13108;B;Tarascon;456
59586;C;Templeuve-en-Pévèle;59211
43244;I;Tence;43102
88468;C;Le Thillot;88303
24551;C;Thiviers;24108
74282;R;Fillière;0
79329;C;Thouars;79302
14689;R;Le Hom;0
17448;R;Tonnay-Boutonne;0
17452;C;La Tremblade;17301
93073;B;Tremblay-en-France;851
19272;C;Tulle;19401
30334;C;Uzès;30301
84137;C;Vaison-la-Romaine;84203
73304;R;Val-d'Isère;0
59606;C;Valenciennes;59701
73306;R;Valloire;0
50615;C;Valognes;50205
5177;R;Vars;0
95637;B;Vauréal;851
78642;B;Verneuil-sur-Seine;851
7129;I;Lamastre;7102
2789;C;Vervins;2120
5179;C;Veynes;5103
38547;B;Villard-Bonnot;38701
69264;B;Villefranche-sur-Saône;758
91687;B;Viry-Châtillon;851
86298;R;Vouneuil-sur-Vienne;0
59646;B;Wasquehal;59702
43268;I;Yssingeaux;43201
5139;R;Dévoluy;0
69255;B;Vaugneray;758
73015;R;Les Allues;0
1004;C;Ambérieu-en-Bugey;1302
70550;C;Vesoul;70401
18279;C;Vierzon;18401
73008;B;Aix-les-Bains;73601
1053;C;Bourg-en-Bresse;1501
82025;B;Bressols;82501
35352;I;Vern-sur-Seiche;35216
1354;B;Saint-Genis-Pouilly;652
75117;C;Paris 17e Arrondissement;851
75111;C;Paris 11e Arrondissement;851
80001;C;Abbeville;80401
50003;C;Agon-Coutainville;50203
61214;C;L' Aigle;61301
85001;C;L' Aiguillon-sur-Mer;85114
72003;B;Allonnes;72701
59008;B;Aniche;59701
7010;C;Annonay;7401
6004;B;Antibes;6701
92002;B;Antony;851
94003;B;Arcueil;851
95018;B;Argenteuil;851
18011;I;Argent-sur-Sauldre;18101
13004;C;Arles;552
12011;R;Arvieu;0
56005;I;Arzon;56102
57038;C;Audun-le-Tiche;366
76035;C;Aumale;157
21038;I;Auxonne;21206
89025;I;Avallon;89203
62065;B;Avion;756
9032;R;Ax-les-Thermes;0
31042;C;Bagnères-de-Luchon;31113
92007;B;Bagneux;851
93006;B;Bagnolet;851
61483;C;Bagnoles de l'Orne Normandie;61105
91045;C;Ballancourt-sur-Essonne;91402
12056;I;Baraqueville;12101
65481;R;Barèges;0
83012;I;Barjols;83109
55029;C;Bar-le-Duc;55301
50031;R;Barneville-Carteret;0
2B033;C;Bastia;2B501
33036;I;Bazas;33122
73034;C;Beaufort;73106
49021;C;Beaufort-en-Anjou;49204
7028;R;Beaulieu;0
95052;C;Beaumont-sur-Oise;459
1034;C;Belley;1205
24037;C;Bergerac;553
13014;B;Berre-l'Étang;759
63038;R;Besse-et-Saint-Anastaise;0
78062;C;Beynes;78205
34032;C;Béziers;34501
64122;C;Biarritz;751
40046;I;Biscarrosse;40302
67046;B;Bischwiller;67501
54076;C;Blainville-sur-l'Eau;54205
16046;R;Côteaux du Blanzacais;0
43165;R;Blonville-sur-Mer;0
14079;B;Bordeaux;14402
33063;C;Bourbon-l'Archambault;33701
3036;I;Le Bourg-d'Oisans;3102
38052;I;Bray-Dunes;38116
59107;I;Briançon;59134
5023;C;Brignoles;5301
83023;C;Bruay-la-Buissière;83401
62178;C;Cabestany;752
66028;B;Calais;66601
62193;C;Cambo-les-Bains;62504
64160;I;Carbonne;64203
31107;C;Carentan les Marais;31204
50099;C;Carnac;50204
56034;C;Caromb;56215
84030;B;Carpentras;754
84031;B;Castelginest;754
31116;B;Casteljaloux;31701
47052;I;Castelnaudary;47102
11076;C;Castelnau-Durban;11302
9082;R;Castelsarrasin;0
82033;C;Castets;82401
40075;R;Caussade;0
82037;C;Châlons-en-Champagne;82203
51108;C;Chambéry;51501
73065;C;Champagnole;73601
39097;C;Divatte-sur-Loire;39301
44029;I;La Charité-sur-Loire;44120
58059;C;Charleville-Mézières;254
8105;C;Chartres;8501
28085;C;Château-d'Olonne;28501
85060;C;Châteaugiron;85403
35069;C;Château-Gontier;35217
53062;C;Château-Renard;53302
45083;R;Chaudes-Aigues;0
15045;R;Chauffailles;0
71120;C;Chauffayer;258
5039;R;Chauvigny;0
86070;I;Chevilly-Larue;86203
94021;B;Choisy-le-Roi;851
94022;B;La Clayette;851
71133;C;Clermont-Ferrand;71110
63113;C;Clessé;63701
71135;R;Clichy;0
92024;B;Cluses;851
74081;C;Contes;74502
6048;B;Contrexéville;6701
88114;I;Cotignac;88109
83046;C;Courbevoie;83204
92026;B;La Courneuve;851
93027;B;Cours;851
69066;I;La Courtine;69106
23067;R;Dardilly;0
69072;B;Decazeville;758
12089;C;Descartes;12302
37115;C;Dinan;255
22050;C;Divonne-les-Bains;22402
1143;I;Dole;1203
39198;C;Donzère;39402
26116;I;Le Dorat;26111
87059;R;Douarnenez;0
29046;I;Douchy-les-Mines;29307
59179;B;Douvaine;59701
74105;I;Draguignan;74115
83050;C;Dunières;83501
43087;I;Dunkerque;43101
59183;C;Évaux-les-Bains;59602
23076;R;Évian-les-Bains;0
74119;B;Évreux;74501
27229;C;Évron;27501
53097;I;Eyguières;53203
13035;I;Terres-de-Caux;13207
76258;I;La Ferté-Saint-Aubin;76102
45146;I;Figeac;45205
46102;C;Fleurance;364
32132;I;Fontcouverte-la-Toussuire;32201
73116;R;Forbach;0
57227;C;Forges-les-Eaux;57501
76276;C;Fort-Mahon-Plage;76201
80333;R;Fos-sur-Mer;0
13039;B;Fougères;759
35115;C;Fouras;35401
17168;I;Fourneaux;17115
73117;B;Franconville;73109
95252;B;Fronton;851
31202;I;Gaillon;31202
27275;C;La Gaude;27302
6065;B;Gisors;6701
27284;C;Granville;359
50218;C;Graulhet;50402
81105;I;Ham;81302
80410;C;Hautmont;80207
59291;B;L' Haÿ-les-Roses;59601
94038;B;Ibos;851
65226;R;Inzinzac-Lochrist;0
56090;I;L' Isle-sur-la-Sorgue;56205
84054;B;Jacob-Bellecombette;754
73137;B;Jarny;73601
54273;C;Chalmazel-Jeansagnière;54301
42039;R;Jeumont;0
59324;B;Labastide-Rouairoux;59601
81115;R;Laignes;0
21336;R;Lalanne-Trie;0
65250;R;Lanester;0
56098;B;Laruns;56601
64320;R;Lattes;0
34129;B;Lectoure;34701
32208;I;Lesneven;32102
29124;C;Leucate;29303
11202;R;Libourne;0
33243;C;Liffré;33401
35152;I;Lion-sur-Mer;35210
14365;B;Loches;14201
37132;C;Locminé;37301
56117;C;Longjumeau;56214
91345;B;Lorient;851
56121;C;Lourdes;56601
65286;C;Le Lude;65302
72176;I;Ludres;72115
54328;C;Mâcon;54206
71270;C;Mandelieu-la-Napoule;464
6079;B;Marcigny;6701
71275;C;Marmande;71109
47157;C;Maromme;455
76410;B;Marthon;755
16211;R;Martigues;0
13056;B;Mazères;759
9185;I;Meillonnas;9104
1241;R;Merdrignac;0
22147;I;Mérignac;22103
33281;B;Meschers-sur-Gironde;33701
17230;B;Meudon;17402
92048;B;Mimizan;851
40184;I;Mirecourt;40203
88304;C;Miribel;88205
1249;B;Mitry-Mory;758
77294;B;Moissy-Cramayel;851
77296;B;Monclar-de-Quercy;851
82115;R;Moncoutant;0
79179;I;Mondeville;79105
14437;B;Monein;14601
64393;C;Monnaie;64302
37153;I;Mont-de-Marsan;37106
40192;C;Montgenèvre;40401
5085;R;Montguyon;0
17241;R;Montmédy;0
55351;I;Montmélian;55103
73171;C;Montmoreau;73202
16230;R;Montmorency;0
95428;B;Montoison;851
26208;R;Montvalezan;0
73176;R;Morteau;0
25411;C;Murat;25204
15138;I;Les Mureaux;15101
78440;B;Muret;851
31395;B;Mutzig;31701
67313;C;Muzillac;67401
56143;I;Nangis;56116
77327;I;Le Neubourg;77208
27428;C;Neufchâtel-Hardelot;27201
62604;C;Neuilly-sur-Seine;62207
92051;B;Neuvic;851
19148;R;Neuville-sur-Saône;0
69143;B;Notre-Dame-d'Oé;758
37172;B;Orange;37701
84087;B;Orléans;754
45234;C;Orsay;45701
91471;B;Pamiers;851
9225;C;Le Péage-de-Roussillon;9401
38298;B;Peyrat-le-Château;556
87117;R;Phalsbourg;0
57540;C;Le Pian-Médoc;57201
33322;B;Pierre-Bénite;33701
69152;B;Le Plessis-Trévise;758
94059;B;Plougastel-Daoulas;851
29189;B;Poix-de-Picardie;29701
80630;I;Le Pont-de-Beauvoisin;80106
38315;C;Pontivy;360
56178;C;Préfailles;56303
44136;B;Propriano;44401
2A249;C;Provins;2A104
77379;C;Prunelli-di-Fiumorbo;77303
2B251;I;Puget-Ville;2B101
83100;I;Puteaux;83111
92062;B;Le Puy-en-Velay;851
43157;C;Reichshoffen;43401
67388;C;Reignier-Ésery;67305
74220;B;Remiremont;652
88383;C;Rennes;88401
35238;C;La Réole;35701
33352;C;Rixheim;33206
68278;B;Roscoff;68701
29239;B;Roumoules;29305
4172;R;Royan;0
17306;C;Roye;17402
80685;I;Ruoms;80203
7201;C;Les Sables-d'Olonne;7111
85194;C;Sallanches;85403
74256;C;La Salle-les-Alpes;462
5161;B;Salon-de-Provence;5301
13103;C;Saran;13501
45302;B;Sées;45701
61464;I;Selles-sur-Cher;61107
41242;I;Solliès-Toucas;41111
83131;B;Soulac-sur-Mer;757
33514;I;Soultz-sous-Forêts;33104
67474;I;Sucy-en-Brie;67115
94071;B;Surgères;851
17434;I;Saint-Affrique;17203
12208;C;Saint-Aubin-sur-Mer;12202
14562;B;Saint-Bonnet-en-Champsaur;14302
5132;R;Saint-Brevin-les-Pins;0
44154;C;Saint-Calais;44401
72269;C;Saint-Cyr-sur-Mer;72116
83112;B;Saint-Dizier;757
52448;C;Mauges-sur-Loire;460
49244;C;Saint-Flour;49208
15187;I;Sainte-Geneviève-des-Bois;15201
91549;B;Saint-Geniès-Bellevue;851
31484;B;Saint-Genis-de-Saintonge;31701
17331;R;Saint-Genix-sur-Guiers;0
73236;B;Saint-Georges-de-Reintembault;167
35271;R;Saint-Gobain;0
2680;I;Sainte-Hélène;2109
33417;R;Sainte-Hermine;0
85223;R;Saint-Honoré-les-Bains;0
58246;R;Saint-Jean-d'Angély;0
17347;C;Saint-Jean-de-Maurienne;17207
73248;C;Saint-Jean-Pied-de-Port;73301
64485;C;Saint-Julien-en-Born;64106
40266;R;Saint-Julien-en-Genevois;0
74243;B;Saint-Laurent-de-Cerdans;652
66179;R;Saint-Laurent-de-Neste;0
65389;R;Saint-Malo-de-Guersac;0
44176;B;Saint-Martin-du-Fouilloux;44207
49306;R;Saint-Médard-en-Jalles;0
33449;B;Saint-Omer;33701
62765;C;Saint-Ouen-l'Aumône;62501
95572;B;Saint-Pargoire;851
34281;R;Saint-Paul-Trois-Châteaux;0
26324;C;Saint-Pierre-des-Corps;26203
37233;B;Saint-Pourçain-sur-Sioule;37701
3254;I;Saint-Rémy-de-Provence;3201
13100;C;Saint-Tropez;13302
83119;C;Saint-Valery-en-Caux;83304
76655;I;Saint-Vallier;76119
26333;C;Saint-Yrieix-la-Perche;269
87187;I;Talmont-Saint-Hilaire;87203
85288;I;Tarare;85204
69243;C;Tarascon-sur-Ariège;69302
9306;C;Taverny;9201
95607;B;Tergnier;851
2738;C;Terrasson-Lavilledieu;2402
24547;C;La Teste-de-Buch;265
33529;C;Thann;33501
68334;C;Thizy-les-Bourgs;68402
69248;I;Thourotte;69203
60636;B;Thumeries;60502
59592;B;Toul;756
54528;C;Tourcoing;54402
59599;B;Aurignac;59702
31028;R;Trégueux;0
22360;B;Le Tréport;22501
76711;C;Troyes;453
10387;C;La Turballe;10601
44211;C;Ugine;44206
73303;C;Ungersheim;73203
68343;B;Urrugne;68207
64545;B;Vaires-sur-Marne;751
77479;B;Val-de-Reuil;851
27701;C;Vannes;27402
82186;C;Chamrousse;82202
56260;C;Vendôme;56501
38567;R;Les Deux Alpes;0
41269;C;Vertou;41401
38253;R;Vienne;0
44215;B;Villard;44701
38544;C;Villars-les-Dombes;556
74301;R;Villeneuve-d'Ascq;0
1443;I;Villerupt;1122
59009;B;Vincennes;59702
54580;C;Vitré;366
94080;B;Voiron;851
35360;I;Woippy;35302
38563;B;Brignais;38701
57751;B;Vernoux-en-Vivarais;57701
69027;B;Les Mathes;758
7338;R;Porto-Vecchio;0
17225;R;Audincourt;0
2A247;I;Bayonne;2A301
25031;C;Montauban;25601
64102;C;Colmar;751
82121;C;Lescar;82501
68066;C;Aurec-sur-Loire;68501
64335;B;Manosque;64601
43012;B;La Salvetat-Saint-Gilles;753
4112;C;Château-Bernard;4401
31526;B;Paris 12e Arrondissement;31701
38090;R;Ablon-sur-Seine;0
75112;C;Aigurande;851
94001;B;Aire-sur-la-Lys;851
36001;R;Aizenay;0
62014;B;Albert;752
85003;I;Albiez-Montrond;85206
80016;I;Ambert;80301
73013;R;Amnéville;0
63003;C;Les Andelys;63203
57019;B;Angers;57701
27016;C;Anost;27207
49007;C;Apt;49701
71009;R;L' Argentière-la-Bessée;0
84003;C;Argenton-sur-Creuse;84302
5006;I;Armentières;5101
36006;C;Arudy;36203
59017;C;Aubière;59501
64062;C;Aurillac;64105
63014;B;Auris;63701
15014;C;Bagnères-de-Bigorre;15401
38020;R;Bagnols-sur-Cèze;0
65059;C;Baillargues;65301
30028;C;Bar-sur-Aube;30401
34022;C;Beaulieu-sur-Mer;34212
10033;C;Beaurainville;10201
6011;B;Bellegarde-sur-Valserine;6701
62100;C;La Plagne Tarentaise;62111
1033;C;Besançon;357
73150;B;Besse-sur-Issole;73201
25056;C;Betton;25602
83018;C;Blain;83206
35024;C;Blanquefort;35301
44015;I;Blaye;44213
33056;B;Boën-sur-Lignon;33701
33058;C;Bonneuil-sur-Marne;33301
42019;C;Boulogne-sur-Gesse;42201
94011;B;Boulogne-Billancourt;851
31080;R;Le Boulou;0
92012;B;Le Bourget;851
66024;I;Bousbecque;66201
93013;B;Bray-sur-Seine;851
59098;B;Brie-Comte-Robert;59702
77051;C;Le Buisson-de-Cadouin;77116
77053;I;Cachan;77306
24068;R;Campbon;0
94016;B;Canéjan;851
44025;R;Captieux;0
33090;B;Castanet-Tolosan;33701
33095;R;Rives-en-Seine;0
31113;B;Cavalaire-sur-Mer;31701
76164;I;Cazaubon;76105
83036;C;Cazères;83207
32096;R;Cazouls-lès-Béziers;0
31135;C;Céret;31203
34069;I;Cestas;34129
66049;C;Chalindrey;66302
33122;B;Chambly;33701
52093;C;Le Chambon-sur-Lignon;52104
60139;C;Champigny-sur-Marne;459
43051;R;Château-Arnoux-Saint-Auban;0
94017;B;Châteaulin;851
4049;C;Châteaurenard;4203
29026;C;Chatou;29204
13027;B;La Châtre;754
78146;B;Chazay-d'Azergues;851
36046;C;Chelles;36202
69052;B;Chessy;758
77108;B;Chinon;851
77111;B;La Ciotat;851
37072;C;Clermont-l'Hérault;37205
13028;B;Combourg;757
34079;C;Concarneau;34213
35085;I;Condom;35205
29039;C;Corbara;29404
32107;I;Corbie;32203
2B093;R;Corte;0
80212;C;Coudekerque-Branche;80208
2B096;I;Courseulles-sur-Mer;2B203
59155;B;Créon;59602
14191;I;Crest;14118
33140;I;Le Croisic;33114
26108;C;Cruas;26302
44049;B;Dammarie-les-Lys;44601
7076;I;Dampierre-en-Burly;7105
77152;B;Décines-Charpieu;851
45122;R;Delle;0
69275;B;Dieulefit;758
90033;C;Dives-sur-Mer;90301
26114;C;Dompierre-sur-Besbre;26109
14225;C;Donges;14402
3102;I;Trévières;3105
44052;B;Échirolles;44601
14711;R;Élancourt;0
38151;B;Elbeuf;38701
78208;B;Enchastrayes;851
76231;B;Entre-deux-Guiers;755
4073;R;Épernon;0
38155;C;Étel;161
28140;C;Falaise;355
56055;C;Fécamp;56217
14258;I;Feurs;14205
76259;C;Foix;76403
42094;C;Fontenay-le-Fleury;42203
9122;C;Forcalquier;9301
78242;B;Fourmies;851
4088;C;Frontignan;4202
59249;C;Gannat;59305
34108;C;Garges-lès-Gonesse;34502
3118;I;Garlin;3202
95268;B;Gonesse;851
64233;R;Gourdon;0
95277;B;Goussainville;851
46127;I;Le Grand-Quevilly;46105
95280;B;Grenade;851
76322;B;Guebwiller;755
31232;I;Guémené-sur-Scorff;31205
68112;C;Guer;68401
56073;R;Guéret;0
56075;C;Guillestre;56211
23096;C;Guise;23301
5065;C;Le Haillan;5102
2361;I;Halluin;2201
33200;B;Hauteville-Lompnes;33701
59279;B;La Haye;59702
1185;I;Les Herbiers;1120
50236;C;Hirson;50102
85109;I;Hyères;85303
2381;C;L' Île-d'Yeu;2302
83069;B;Joinville-le-Pont;757
85113;I;Kembs;85132
94042;B;Lambersart;851
68163;C;Landry;68205
59328;B;Langon;59702
73142;R;Laon;0
33227;C;Lavaur;33303
2408;C;Léguevin;2403
81140;C;Lencloître;81301
31291;B;Lézignan-Corbières;31701
86128;I;Les Lilas;86102
11203;I;Livry-Gargan;11206
93045;B;Longwy;851
93046;B;Louviers;851
54323;C;Lunéville;54405
27375;C;Maisons-Alfort;27402
54329;C;Marciac;54403
94046;B;Marcq-en-Barœul;851
32233;R;Marennes;0
59378;B;Marly;59702
17219;C;Mayenne;17206
57447;B;Mazamet;57701
53147;C;Mende;53301
81163;C;Metz;81401
48095;I;Mirepoix;48301
57463;C;Modane;57701
9194;I;Moissac;9103
73157;C;La Montagne;73109
82112;B;Montataire;82401
44101;B;Montbrison;44701
60414;B;Montceau-les-Mines;60601
42147;C;Montmirail;42401
71306;C;Montréjeau;71402
51380;I;Montricher-Albanne;51111
31390;C;Mornant;252
93048;B;Mortagne-au-Perche;851
73173;R;Moulins;0
69141;C;Mussidan;69205
61293;C;Neufchâtel-en-Bray;61201
3190;C;Neuilly-Plaisance;3401
24299;C;Nogaro;24204
76462;C;Nort-sur-Erdre;76203
93049;B;Port-Jérôme-sur-Seine;851
32296;R;Nouan-le-Fuzelier;0
44110;I;Ornans;44209
76476;C;Orry-la-Ville;76402
41161;I;Ouistreham;41104
25434;I;Paray-le-Monial;25110
60482;C;Penmarch;60204
14488;I;Les Pennes-Mirabeau;14206
71342;I;Péone;71205
29158;C;Périgueux;29401
13071;B;Péronne;759
6094;R;Perros-Guirec;0
24322;C;Pézenas;24501
80620;C;Plaisance;80209
22168;B;Plancher-les-Mines;22403
34199;C;Plestin-les-Grèves;34215
32319;R;Pleurtuit;0
70414;B;Plouescat;70101
22194;C;Poissy;251
35228;C;Pontault-Combault;458
29185;I;Pontchâteau;29118
78498;B;Pont-l'Évêque;851
77373;B;Pont-Sainte-Maxence;851
44129;I;Les Ponts-de-Cé;44214
14514;C;Le Porge;14120
60509;C;Ouroux-en-Morvan;60305
49246;B;Le Pouliguen;49701
33333;R;Pouzauges;0
58205;R;Puy-Saint-Vincent;0
44135;B;Quiberon;44601
85182;I;Quimper;85201
5110;R;Quimperlé;0
56186;I;Réville;56201
29232;C;Risoul;29501
29233;C;Roche-la-Molière;29304
50433;R;La Rochette;0
5119;R;Roissy-en-Brie;0
42189;B;Romilly-sur-Seine;753
16282;R;Roquefort-les-Pins;0
77390;B;Roubaix;851
10323;C;Rouen;10301
6105;B;Sain-Bel;6701
59512;B;Saintes;59702
76540;C;Samatan;755
69171;B;Sarlat-la-Canéda;69303
17415;C;Saulieu;17401
32410;R;Sedan;0
24520;I;Serémange-Erzange;24205
21584;I;Sézanne;21104
8409;C;Sillingy;8401
57647;B;Six-Fours-les-Plages;57601
51535;I;Stains;51202
74272;B;Stenay;74601
83129;B;Saint Antoine l'Abbaye;757
93072;B;Saint-Arnoult-en-Yvelines;851
55502;C;Saint-Aubin-du-Cormier;55105
38359;R;Saint Aulaye-Puymangou;0
78537;I;Saint-Avold;78202
35253;I;Saint-Céré;35121
24376;R;Saint-Chaffrey;0
57606;C;Sainte-Eulalie;57402
46251;C;Saint-Florent;46106
5133;B;Saint-Galmier;5301
33397;B;Saint-Genest-Malifaux;33701
2B298;R;Saint-Gilles-Croix-de-Vie;0
42222;B;Saint-Girons;42501
42224;R;Saint-Jean-d'Arves;0
85222;C;Saint-Laurent-du-Pont;85401
9261;C;Saint-Marcellin;9203
73242;R;Saint-Mars-la-Jaille;0
38412;I;Saint-Martin-de-Crau;38124
38416;C;Saint-Maur-des-Fossés;38401
44180;I;Sainte-Maxime;44101
13097;I;Saint-Méen-le-Grand;13301
94068;B;Saint-Ouen;851
83115;C;Saint-Palais;83310
35297;C;Saint-Palais-sur-Mer;35202
80711;C;Saint-Pierre-d'Oléron;80206
93070;B;Saint-Saturnin;851
64493;C;Saint-Sulpice-la-Pointe;64102
17380;B;Saint-Symphorien-sur-Coise;17402
17385;I;Saint-Vincent-de-Tyrosse;17204
72320;B;Talence;72701
81271;I;Tassin-la-Demi-Lune;81204
69238;I;Le Teil;69103
40284;C;Tende;40303
33522;B;Val-au-Perche;33701
69244;B;Thollon-les-Mémises;758
7319;B;Bellevigne-en-Layon;551
6163;R;Tignes;0
61484;C;Tinchebray-Bocage;61102
74279;R;Tocane-Saint-Apre;0
49345;R;Tonneins;0
73296;R;Tonnerre;0
61486;I;Toulon;61104
24553;R;La Tour-d'Aigues;0
47310;C;La Tour-du-Pin;47201
89418;C;Tournus;89202
83137;C;Tullins;757
84133;I;Uzerche;84108
38509;C;Vagney;38304
71543;I;Valmeinier;71202
38517;C;Vanves;38206
19276;I;Varennes-sur-Seine;19103
88486;C;Vaulx-en-Velin;88402
73307;R;Vayrac;0
92075;B;Vendays-Montalivet;851
77482;B;Vendenheim;77403
69256;B;Verdun;758
46330;C;Lys-Haut-Layon;155
33540;R;Villarembert;0
67506;B;Ville-d'Avray;67701
55545;C;Villefranche-de-Lauragais;55401
49373;I;Villejuif;49125
73318;R;Villeneuve-le-Roi;0
92077;B;Villeneuve-sur-Lot;851
31582;C;Villeurbanne;31114
94076;B;Villiers-sur-Marne;851
94077;B;Vire Normandie;851
47323;C;Vitrolles;47401
69266;B;Vitry-sur-Seine;758
94079;B;Montigny-sur-Crécy;851
14762;C;Usson-en-Forez;14301
13117;B;Saint-Julien-du-Sault;759
94081;B;Villeneuve-Loubet;851
2517;R;La Riche;0
42318;R;Boulazac Isle Manoire;0
89348;C;Ballan-Miré;89102
6161;B;Vaujany;6701
37195;B;Curan;37701
24053;B;Paris 3e Arrondissement;24501
37018;B;Paris 16e Arrondissement;37701
38527;R;Paris 20e Arrondissement;0
12307;R;Aime-la-Plagne;0
75103;C;Aire-sur-l'Adour;851
75116;C;Alès;851
75120;C;Allevard;851
73006;C;Allos;73201
40001;C;Altkirch;263
30007;C;Amboise;30501
38006;C;Ancenis;358
4006;R;Les Ancizes-Comps;0
68004;C;Les Angles;68206
37003;B;Arcachon;37701
44003;C;Archamps;44301
63004;B;Argelès-Gazost;63112
66004;R;Argentan;0
33009;B;Argentré-du-Plessis;33501
74016;B;Arrens-Marsous;652
65025;C;Asnières-sur-Seine;65204
61006;C;Athis-Mons;61302
35006;I;Aucamville;35126
65032;B;Auch;65204
92004;B;Les Monts d'Aunay;851
91027;B;Autrans-Méaudre en Vercors;851
31022;B;Autun;31701
32013;C;Auxerre;32401
14027;C;Auzielle;14113
38225;R;Avesnes-sur-Helpe;0
71014;I;Baccarat;71302
89024;C;Bailleul;89402
31036;B;Barentin;31701
59036;C;Basse-Goulaine;59209
54039;C;Baud;54201
59043;C;Baume-les-Dames;59501
76057;C;Bayeux;76401
44009;B;Beaugency;44701
56010;I;Beaurepaire;56204
25047;I;Bédarieux;25201
14047;C;Belfort;14303
45028;C;Bezons;45207
38034;C;Biars-sur-Cère;38202
34028;C;Blâmont;34302
90010;C;Bohain-en-Vermandois;555
95063;B;Bois-Colombes;851
46029;C;Bort-les-Orgues;46104
54077;R;Boulogne-sur-Mer;0
2095;I;Bourbon-Lancy;2202
92009;B;Bourganeuf;851
19028;I;Bourgoin-Jallieu;19104
62160;C;Bourg-Saint-Maurice;62503
71047;I;Bressuire;71201
23030;I;Bricquebec-en-Cotentin;23101
38053;C;Cabourg;38501
73054;C;Camarès;73204
79049;I;Camaret-sur-Aigues;79304
50082;I;Candé;50110
14117;C;Le Cannet;14402
12044;R;Canteleu;0
84029;C;Carbon-Blanc;84111
49054;I;Carcès;49109
6030;B;Cassis;6701
76157;B;Caudry;755
33096;B;Cavaillon;33701
83032;C;Challes-les-Eaux;83204
13022;I;Chalonnes-sur-Loire;13211
59139;C;Champagne-sur-Seine;59307
84035;B;Chambray-lès-Tours;754
73064;B;Chantonnay;73601
49063;I;Châteaubourg;49203
77079;C;Château-Salins;77404
37050;B;Châtillon;37701
85051;I;Chef-Boutonne;85207
35068;C;Le Cheylard;35214
57132;I;Chilly-Mazarin;57113
92020;B;Cholet;851
79083;I;Cizos;79101
7064;C;Clelles;7114
91161;B;Clermont;851
49099;C;Clisson;49501
65148;R;Cluny;0
38113;R;La Clusaz;0
60157;C;Cogolin;60401
44043;C;Commentry;365
71137;I;Condé-en-Normandie;71112
74080;R;Corbeil-Essonnes;0
83042;I;Cormeilles-en-Parisis;83305
3082;C;Courpière;3203
14174;C;Le Creusot;262
91174;B;Crozon;851
95176;B;Gilley;851
63125;I;Deauville;63115
71153;C;Dinsheim-sur-Bruche;71401
29042;I;Dorlisheim;29212
25271;R;Douai;0
14220;C;Dourdan;14402
67098;B;Dun-le-Palestel;67401
67101;B;Eaubonne;67401
59178;C;École-Valentin;756
91200;C;Entraygues-sur-Truyère;91302
23075;R;Ernée;0
95203;B;Erstein;851
25212;B;Binic-Étables-sur-Mer;25602
12094;R;La Ferrière;0
53096;I;La Ferté Macé;53202
67130;C;La Flèche;67301
22055;C;Flers;22302
85089;I;Fontaine-le-Comte;85129
61168;I;Fontenay-le-Comte;61202
72154;I;Fontenay-sous-Bois;72303
61169;C;Font-Romeu-Odeillo-Via;61401
86100;C;Francheville;86114
85092;C;Fresnes;85304
94033;B;Furiani;851
66124;R;Gacé;0
69089;B;La Garde;758
94034;B;Gençay;851
2B120;B;Genlis;2B501
61181;C;Gennevilliers;61101
83062;B;Gien;757
86103;C;Gimont;86105
21292;I;Gorron;21202
92036;B;Gourin;851
45155;C;Le Grau-du-Roi;45303
32147;I;Guéthary;32101
53107;I;Guilherand-Granges;53105
56066;I;Guingamp;56115
30133;B;Hagetmau;362
64249;B;Hasparren;751
7102;B;Hauteville-sur-Mer;651
22070;C;Hendaye;22401
40119;C;Héric;40201
64256;I;Hérouville-Saint-Clair;64202
50231;R;Huelgoat;0
64260;B;Huez;751
44073;I;L' Île-Bouchard;44121
14327;B;Isigny-sur-Mer;14601
29081;R;L' Isle-Jourdain;0
38191;R;Janzé;0
37119;R;Jaux;0
14342;I;Jeandelaincourt;14109
32160;I;Joué-lès-Tours;32202
35136;I;Labruguière;35215
60325;B;Lalouvesc;60502
54276;R;Lamalou-les-Bains;0
37122;B;Langeais;37701
81120;I;Lannion;81202
7128;R;Laval;0
34126;B;Le Lavandou;34302
37123;I;Lavelanet;37108
22113;C;Léognan;22403
53130;C;Léon;53501
83070;B;Levallois-Perret;83308
9160;C;Lieusaint;9202
33238;B;Liévin;33701
40150;R;Limoges;0
92044;B;Limoux;851
77251;B;Lodève;851
62510;C;Loriol-sur-Drôme;756
87085;C;Loudun;87601
11206;C;Lunel;11301
34142;C;Luxeuil-les-Bains;34214
26166;B;Maisons-Laffitte;26303
86137;I;Marignane;86204
34145;C;Marly-le-Roi;463
70311;C;Matour;70304
78358;B;Mauléon;851
13054;B;Maule;759
78372;B;Mauléon-Licharre;851
71289;R;Melun;0
79079;I;Merville;79205
78380;C;Meung-sur-Loire;78301
64371;C;Meymac;64204
77288;B;Meyzieu;851
59400;B;Mèze;752
45203;C;Miramas;45209
19136;I;Le Monêtier-les-Bains;19101
69282;B;Monistrol-sur-Loire;758
34157;I;Montauroux;34301
13063;B;Montluçon;759
5079;R;Montrouge;0
43137;C;Mourenx;43301
83081;C;La Mure;83205
3185;C;Neufchâteau;3501
92049;B;Noirétable;851
64410;C;Nontron;64302
38269;C;Notre-Dame-de-Monts;38204
88321;I;Nozay;88204
42159;R;Nuits-Saint-Georges;0
24311;C;Oissel;24109
85164;B;Orly;85301
44113;I;Les Orres;44110
21464;C;Orthez;21204
76484;B;Paimpol;755
94054;B;Palavas-les-Flots;851
5098;R;Paray-Vieille-Poste;0
64430;C;Les Pavillons-sous-Bois;64301
22162;C;Pélussin;22303
34192;I;Piennes;34206
91479;B;Pierrefeu-du-Var;851
93057;B;Pierrelatte;851
42168;C;Pirou;42108
54425;C;Pithiviers;54111
83091;I;Plélan-le-Grand;83201
26235;I;Pléneuf-Val-André;26301
50403;R;Plombières-les-Bains;0
45252;C;Pons;45301
35223;I;Pont-Audemer;35116
22186;I;Pont-de-Chéruy;22115
88351;R;Pont-de-Roide-Vermondans;0
17283;I;Pont-Saint-Esprit;17116
27467;C;Pontvallain;27303
38316;C;Port-de-Bouc;38402
25463;C;Port-Saint-Louis-du-Rhône;25203
30202;C;Le Pradet;30304
72243;R;Privas;0
13077;B;Quetigny;759
13078;I;Rabastens;13214
83098;B;Ramonville-Saint-Agne;757
7186;C;Redon;7301
21515;B;Reims;21701
81220;C;Réquista;81203
31446;B;Ribeauvillé;31701
35236;C;Rieupeyroux;452
51454;C;Riom;51701
12197;R;Riom-ès-Montagnes;0
68269;I;La Roche-sur-Foron;68124
12198;R;Rochefort;0
63300;C;La Roche-Posay;63401
15162;I;Rodez;15102
74224;C;Romans-sur-Isère;74502
17299;C;Romillé;17403
86207;R;Romorantin-Lanthenay;0
12202;C;Rostrenen;12402
26281;C;Rumilly;26501
35245;I;Sanary-sur-Mer;35112
41194;I;Sarreguemines;41301
22266;I;Saumur;22110
74225;C;Savenay;74302
83123;B;Savigny-le-Temple;757
57631;C;Semur-en-Auxois;57401
49328;C;Seyssel;49401
44195;C;Soissons;44215
77445;B;Solaro;851
21603;I;Solre-le-Château;21109
74269;C;Suresnes;164
2722;C;Saint-André-de-Cubzac;2404
2B283;R;Saint-Bonnet-le-Château;0
59572;R;Saint-Chély-d'Apcher;0
92073;B;Saint-Cloud;851
33366;C;Saint-Égrève;33306
42204;R;Saint-Fargeau-Ponthierry;0
48140;I;Saint-Florent-sur-Cher;48103
92064;B;Saint François Longchamp;851
38382;B;Saint-Georges-de-Didonne;38701
77407;B;Saint-Gratien;851
18207;I;Saint-Hilaire-la-Palud;18202
73235;R;Saint-Jean-de-Bournay;0
17333;B;Saint-Just-Malmont;17402
95555;B;Saint-Just-Saint-Rambert;851
79257;R;Sainte-Livrade-sur-Lot;0
38399;I;Saint-Lô;38123
43205;I;Saint-Louis;43103
42279;C;Saint-Mandrier-sur-Mer;42501
47252;B;Saint-Martin-de-Clelles;47401
50502;C;Saint-Martin-d'Hères;50401
68297;C;Saint-Maximin-la-Sainte-Baume;68403
83153;B;Saint-Michel-Chef-Chef;757
38419;R;San-Nicolao;0
38421;B;Saint-Paul-lès-Durance;38701
83116;I;Saint-Pierre-des-Nids;83309
44182;B;Saint-Pol-de-Léon;44401
2B313;R;Saint-Quay-Portrieux;0
13099;R;Saint-Renan;0
53246;R;Sainte-Solange;0
29259;C;Thiais;29305
22325;C;Thiers;22302
29260;I;Thônes;29210
18235;R;Toucy;0
94073;B;Le Touquet-Paris-Plage;851
63430;C;Tournefeuille;63303
74280;C;Tournon-sur-Rhône;74205
89419;I;La Tranche-sur-Mer;89101
62826;B;Trappes;62401
31557;B;La Trimouille;31701
7324;C;Les Ulis;457
85294;I;Unieux;85104
78621;B;Ussel;851
86273;R;Valdahon;0
91692;B;Valréas;851
42316;B;Vals-les-Bains;753
19275;I;Vaucresson;19301
25578;I;Vence;25114
84138;I;Vénissieux;84204
7331;B;Verrières-le-Buisson;7402
92076;B;Veules-les-Roses;851
6157;B;Vic-en-Bigorre;6701
69259;B;Vic-Fezensac;758
91645;B;Le Vigan;851
76735;R;Villedieu-les-Poêles-Rouffigny;0
65460;I;Villefontaine;65201
32462;C;Villefranche-sur-Mer;32104
30350;C;Villefranche-de-Rouergue;30209
50639;C;Villenave-d'Ornon;50201
38553;C;Villers-Cotterêts;38403
6159;B;Villers-sur-Mer;6701
12300;C;Vinon-sur-Verdon;12301
33550;B;Visan;33701
2810;I;Vittel;2301
14754;B;Vouziers;14402
83150;I;Ydes;83112
84150;R;Yvetot;0
88516;I;Andernos-les-Bains;88202
8490;I;Saint-Gély-du-Fesc;8106
15265;C;La Roche-sur-Yon;15103
76758;C;Villeneuve-lès-Béziers;76301
33005;C;Vichy;33305
34255;B;Aubenas;34701
85191;I;Lecci;85501
34336;B;Sarcelles;34501
3310;C;Chennevières-sur-Marne;3502
7019;C;La Richardais;7402
2A139;R;Le Chesnay;0
95585;B;Servon;851
94019;B;;851
35241;B;;458
78158;B;;851
77450;B;;851
